precision,accuracy,recall,duration
0.23714652956298202,0.47429305912596403,0.5,31.786015510559082
