precision,accuracy,recall,duration
0.23714652956298202,0.47429305912596403,0.5,18.123886346817017
