precision,accuracy,recall,duration
0.23648648648648649,0.47297297297297297,0.5,12.62420392036438
